County,Sex,Age Range,Onset Date,Date Of Death,Case Count,Death Count,Hospitalized Count
Allen,Female,70-79,3/21/2020,,1,0,1
Allen,Female,70-79,3/23/2020,,1,0,1
Allen,Male,50-59,3/21/2020,,1,0,1
Allen,Male,60-69,3/15/2020,,1,0,1
Ashland,Female,20-29,3/15/2020,,1,0,0
Ashland,Male,50-59,3/18/2020,,1,0,1
Ashtabula,Female,20-29,3/15/2020,,1,0,0
Ashtabula,Female,50-59,3/17/2020,,1,0,1
Ashtabula,Female,50-59,3/20/2020,,1,0,0
Ashtabula,Female,60-69,3/25/2020,,1,0,0
Ashtabula,Male,30-39,3/26/2020,,1,0,0
Ashtabula,Male,60-69,3/20/2020,,1,0,0
Athens,Female,30-39,3/13/2020,,1,0,0
Athens,Female,60-69,3/12/2020,,1,0,0
Athens,Male,60-69,3/23/2020,3/30/2020,1,1,1
Auglaize,Female,40-49,3/11/2020,,1,0,0
Auglaize,Female,60-69,3/21/2020,,1,0,1
Belmont,Female,30-39,3/19/2020,,2,0,0
Belmont,Female,40-49,3/17/2020,,1,0,0
Belmont,Female,50-59,3/6/2020,,1,0,0
Belmont,Female,50-59,3/12/2020,,1,0,0
Belmont,Male,30-39,3/16/2020,,1,0,0
Belmont,Male,50-59,3/6/2020,,1,0,1
Belmont,Male,80+,3/22/2020,,1,0,1
Brown,Male,80+,3/27/2020,,1,0,0
Butler,Female,30-39,3/3/2020,,1,0,0
Butler,Female,30-39,3/6/2020,,1,0,0
Butler,Female,30-39,3/9/2020,,1,0,0
Butler,Female,30-39,3/22/2020,,1,0,1
Butler,Female,40-49,3/13/2020,,1,0,0
Butler,Female,50-59,3/10/2020,,1,0,0
Butler,Female,50-59,3/14/2020,,1,0,0
Butler,Female,50-59,3/21/2020,,1,0,0
Butler,Female,60-69,3/8/2020,,1,0,1
Butler,Female,60-69,3/9/2020,,1,0,1
Butler,Female,60-69,3/16/2020,,1,0,1
Butler,Female,60-69,3/17/2020,,1,0,0
Butler,Female,70-79,3/2/2020,,1,0,1
Butler,Female,70-79,3/8/2020,,1,0,0
Butler,Female,80+,3/26/2020,,1,0,1
Butler,Male,0-19,3/3/2020,,1,0,0
Butler,Male,20-29,3/11/2020,,1,0,0
Butler,Male,30-39,3/3/2020,,1,0,0
Butler,Male,30-39,3/7/2020,,1,0,0
Butler,Male,30-39,3/17/2020,,1,0,0
Butler,Male,40-49,3/1/2020,,1,0,0
Butler,Male,50-59,3/13/2020,,1,0,0
Butler,Male,50-59,3/17/2020,,2,0,0
Butler,Male,60-69,3/22/2020,,1,0,0
Butler,Male,70-79,3/10/2020,,1,0,1
Butler,Male,70-79,3/12/2020,,1,0,1
Butler,Male,70-79,3/21/2020,,1,0,1
Butler,Male,70-79,3/24/2020,,1,0,1
Butler,Male,80+,3/16/2020,,1,0,0
Carroll,Female,50-59,3/28/2020,,1,0,0
Carroll,Female,60-69,3/14/2020,,1,0,1
Carroll,Male,30-39,3/14/2020,,1,0,1
Carroll,Male,60-69,2/23/2020,,1,0,1
Carroll,Male,60-69,3/13/2020,,1,0,1
Champaign,Female,30-39,3/16/2020,,1,0,0
Champaign,Female,50-59,3/11/2020,,1,0,1
Champaign,Male,70-79,3/28/2020,,1,0,1
Clark,Female,60-69,3/16/2020,,1,0,0
Clark,Female,60-69,3/26/2020,,1,0,1
Clark,Female,70-79,3/27/2020,,1,0,1
Clark,Male,30-39,3/20/2020,,1,0,0
Clark,Male,70-79,3/10/2020,,1,0,1
Clark,Male,70-79,3/27/2020,,1,0,0
Clermont,Female,20-29,3/15/2020,,1,0,0
Clermont,Female,40-49,3/17/2020,,1,0,0
Clermont,Female,60-69,3/13/2020,,1,0,0
Clermont,Male,20-29,3/17/2020,,1,0,0
Clermont,Male,40-49,3/14/2020,,1,0,0
Clermont,Male,50-59,3/13/2020,,1,0,1
Clermont,Male,60-69,3/15/2020,,1,0,0
Clermont,Male,60-69,3/25/2020,,1,0,0
Clermont,Male,70-79,3/25/2020,,1,0,1
Clinton,Female,30-39,3/16/2020,,1,0,0
Clinton,Female,40-49,3/26/2020,,1,0,0
Clinton,Male,30-39,3/18/2020,,1,0,0
Columbiana,Female,50-59,3/11/2020,,1,0,0
Columbiana,Female,60-69,3/25/2020,,1,0,1
Columbiana,Female,70-79,3/17/2020,3/29/2020,1,1,1
Columbiana,Female,70-79,3/25/2020,,1,0,1
Columbiana,Male,30-39,3/10/2020,,1,0,0
Columbiana,Male,50-59,3/13/2020,,1,0,1
Columbiana,Male,50-59,3/18/2020,,1,0,1
Columbiana,Male,50-59,3/21/2020,,1,0,1
Columbiana,Male,60-69,3/19/2020,,1,0,0
Columbiana,Male,70-79,3/26/2020,,1,0,1
Columbiana,Male,80+,3/16/2020,3/26/2020,1,1,1
Coshocton,Female,30-39,3/4/2020,,1,0,0
Coshocton,Female,30-39,3/23/2020,,1,0,0
Coshocton,Female,40-49,3/20/2020,,1,0,0
Coshocton,Male,40-49,3/11/2020,,1,0,0
Coshocton,Male,60-69,3/23/2020,,1,0,0
Crawford,Female,20-29,3/21/2020,,1,0,0
Crawford,Female,30-39,3/26/2020,,1,0,0
Crawford,Male,40-49,3/6/2020,,1,0,0
Crawford,Male,60-69,3/15/2020,,1,0,0
Crawford,Male,60-69,3/17/2020,,1,0,0
Cuyahoga,Female,0-19,3/14/2020,,2,0,0
Cuyahoga,Female,0-19,3/16/2020,,2,0,0
Cuyahoga,Female,0-19,3/17/2020,,2,0,0
Cuyahoga,Female,0-19,3/28/2020,,1,0,0
Cuyahoga,Female,0-19,3/29/2020,,1,0,0
Cuyahoga,Female,20-29,3/3/2020,,1,0,0
Cuyahoga,Female,20-29,3/9/2020,,1,0,0
Cuyahoga,Female,20-29,3/11/2020,,1,0,0
Cuyahoga,Female,20-29,3/12/2020,,2,0,0
Cuyahoga,Female,20-29,3/14/2020,,2,0,0
Cuyahoga,Female,20-29,3/16/2020,,2,0,0
Cuyahoga,Female,20-29,3/17/2020,,3,0,0
Cuyahoga,Female,20-29,3/18/2020,,3,0,0
Cuyahoga,Female,20-29,3/20/2020,,1,0,0
Cuyahoga,Female,20-29,3/21/2020,,1,0,0
Cuyahoga,Female,20-29,3/24/2020,,2,0,0
Cuyahoga,Female,20-29,3/25/2020,,5,0,0
Cuyahoga,Female,20-29,3/27/2020,,2,0,0
Cuyahoga,Female,20-29,3/28/2020,,3,0,0
Cuyahoga,Female,30-39,3/6/2020,,1,0,0
Cuyahoga,Female,30-39,3/9/2020,,1,0,0
Cuyahoga,Female,30-39,3/14/2020,,1,0,0
Cuyahoga,Female,30-39,3/15/2020,,2,0,0
Cuyahoga,Female,30-39,3/16/2020,,1,0,0
Cuyahoga,Female,30-39,3/17/2020,,4,0,0
Cuyahoga,Female,30-39,3/18/2020,,1,0,0
Cuyahoga,Female,30-39,3/20/2020,,1,0,0
Cuyahoga,Female,30-39,3/23/2020,,2,0,0
Cuyahoga,Female,30-39,3/24/2020,,3,0,0
Cuyahoga,Female,30-39,3/25/2020,,2,0,0
Cuyahoga,Female,30-39,3/26/2020,,7,0,0
Cuyahoga,Female,30-39,3/27/2020,,1,0,0
Cuyahoga,Female,30-39,3/28/2020,,4,0,0
Cuyahoga,Female,30-39,3/29/2020,,1,0,0
Cuyahoga,Female,40-49,2/28/2020,,1,0,0
Cuyahoga,Female,40-49,3/5/2020,,1,0,0
Cuyahoga,Female,40-49,3/8/2020,,2,0,2
Cuyahoga,Female,40-49,3/9/2020,,1,0,0
Cuyahoga,Female,40-49,3/11/2020,,1,0,0
Cuyahoga,Female,40-49,3/12/2020,,1,0,0
Cuyahoga,Female,40-49,3/14/2020,,1,0,0
Cuyahoga,Female,40-49,3/16/2020,,1,0,0
Cuyahoga,Female,40-49,3/17/2020,,2,0,1
Cuyahoga,Female,40-49,3/18/2020,,2,0,1
Cuyahoga,Female,40-49,3/20/2020,,2,0,0
Cuyahoga,Female,40-49,3/22/2020,,2,0,0
Cuyahoga,Female,40-49,3/23/2020,,3,0,0
Cuyahoga,Female,40-49,3/25/2020,,1,0,0
Cuyahoga,Female,40-49,3/26/2020,,2,0,0
Cuyahoga,Female,40-49,3/27/2020,,2,0,0
Cuyahoga,Female,40-49,3/28/2020,,2,0,0
Cuyahoga,Female,40-49,3/29/2020,,1,0,0
Cuyahoga,Female,50-59,3/1/2020,,1,0,0
Cuyahoga,Female,50-59,3/5/2020,,1,0,0
Cuyahoga,Female,50-59,3/8/2020,,1,0,0
Cuyahoga,Female,50-59,3/9/2020,,1,0,0
Cuyahoga,Female,50-59,3/10/2020,,1,0,1
Cuyahoga,Female,50-59,3/11/2020,,1,0,0
Cuyahoga,Female,50-59,3/13/2020,,3,0,0
Cuyahoga,Female,50-59,3/14/2020,,1,0,0
Cuyahoga,Female,50-59,3/15/2020,,3,0,1
Cuyahoga,Female,50-59,3/16/2020,,3,0,1
Cuyahoga,Female,50-59,3/17/2020,,5,0,0
Cuyahoga,Female,50-59,3/18/2020,,1,0,0
Cuyahoga,Female,50-59,3/19/2020,,3,0,1
Cuyahoga,Female,50-59,3/20/2020,,2,0,1
Cuyahoga,Female,50-59,3/21/2020,,3,0,0
Cuyahoga,Female,50-59,3/22/2020,,3,0,2
Cuyahoga,Female,50-59,3/23/2020,,1,0,0
Cuyahoga,Female,50-59,3/24/2020,,1,0,1
Cuyahoga,Female,50-59,3/25/2020,,3,0,2
Cuyahoga,Female,50-59,3/26/2020,,3,0,0
Cuyahoga,Female,50-59,3/27/2020,,4,0,0
Cuyahoga,Female,50-59,3/28/2020,,7,0,1
Cuyahoga,Female,50-59,3/29/2020,,1,0,1
Cuyahoga,Female,60-69,3/10/2020,,1,0,0
Cuyahoga,Female,60-69,3/13/2020,,1,0,0
Cuyahoga,Female,60-69,3/14/2020,,3,0,0
Cuyahoga,Female,60-69,3/15/2020,,1,0,0
Cuyahoga,Female,60-69,3/16/2020,,3,0,1
Cuyahoga,Female,60-69,3/17/2020,,5,0,0
Cuyahoga,Female,60-69,3/18/2020,,4,0,2
Cuyahoga,Female,60-69,3/19/2020,,3,0,0
Cuyahoga,Female,60-69,3/20/2020,,3,0,2
Cuyahoga,Female,60-69,3/21/2020,,2,0,0
Cuyahoga,Female,60-69,3/22/2020,,1,0,0
Cuyahoga,Female,60-69,3/23/2020,,2,0,2
Cuyahoga,Female,60-69,3/24/2020,,2,0,0
Cuyahoga,Female,60-69,3/25/2020,,5,0,1
Cuyahoga,Female,60-69,3/26/2020,,2,0,0
Cuyahoga,Female,60-69,3/27/2020,,2,0,0
Cuyahoga,Female,60-69,3/28/2020,,7,0,0
Cuyahoga,Female,60-69,3/29/2020,,2,0,0
Cuyahoga,Female,70-79,2/16/2020,,1,0,0
Cuyahoga,Female,70-79,3/6/2020,,1,0,0
Cuyahoga,Female,70-79,3/12/2020,,1,0,0
Cuyahoga,Female,70-79,3/17/2020,,1,0,0
Cuyahoga,Female,70-79,3/20/2020,,1,0,1
Cuyahoga,Female,70-79,3/21/2020,,2,0,0
Cuyahoga,Female,70-79,3/22/2020,,1,0,0
Cuyahoga,Female,70-79,3/22/2020,3/23/2020,1,1,1
Cuyahoga,Female,70-79,3/23/2020,3/28/2020,1,1,1
Cuyahoga,Female,70-79,3/24/2020,,1,0,1
Cuyahoga,Female,70-79,3/25/2020,,3,0,2
Cuyahoga,Female,70-79,3/26/2020,,3,0,1
Cuyahoga,Female,70-79,3/27/2020,,3,0,0
Cuyahoga,Female,70-79,3/28/2020,,4,0,0
Cuyahoga,Female,70-79,3/29/2020,,1,0,0
Cuyahoga,Female,80+,3/14/2020,,1,0,1
Cuyahoga,Female,80+,3/16/2020,,1,0,1
Cuyahoga,Female,80+,3/20/2020,,1,0,1
Cuyahoga,Female,80+,3/21/2020,,1,0,0
Cuyahoga,Female,80+,3/23/2020,,2,0,1
Cuyahoga,Female,80+,3/26/2020,,2,0,1
Cuyahoga,Female,80+,3/27/2020,,2,0,1
Cuyahoga,Female,80+,3/28/2020,,3,0,1
Cuyahoga,Male,0-19,3/11/2020,,1,0,0
Cuyahoga,Male,0-19,3/15/2020,,1,0,0
Cuyahoga,Male,0-19,3/17/2020,,1,0,0
Cuyahoga,Male,0-19,3/20/2020,,1,0,0
Cuyahoga,Male,0-19,3/22/2020,,1,0,0
Cuyahoga,Male,0-19,3/27/2020,,1,0,0
Cuyahoga,Male,0-19,3/28/2020,,2,0,0
Cuyahoga,Male,20-29,3/5/2020,,1,0,0
Cuyahoga,Male,20-29,3/6/2020,,1,0,0
Cuyahoga,Male,20-29,3/10/2020,,2,0,0
Cuyahoga,Male,20-29,3/14/2020,,1,0,0
Cuyahoga,Male,20-29,3/15/2020,,1,0,0
Cuyahoga,Male,20-29,3/16/2020,,2,0,1
Cuyahoga,Male,20-29,3/17/2020,,3,0,0
Cuyahoga,Male,20-29,3/18/2020,,4,0,0
Cuyahoga,Male,20-29,3/19/2020,,1,0,0
Cuyahoga,Male,20-29,3/22/2020,,2,0,1
Cuyahoga,Male,20-29,3/23/2020,,1,0,0
Cuyahoga,Male,20-29,3/24/2020,,3,0,0
Cuyahoga,Male,20-29,3/26/2020,,2,0,0
Cuyahoga,Male,20-29,3/27/2020,,1,0,0
Cuyahoga,Male,20-29,3/28/2020,,2,0,0
Cuyahoga,Male,30-39,2/29/2020,,1,0,1
Cuyahoga,Male,30-39,3/1/2020,,1,0,1
Cuyahoga,Male,30-39,3/8/2020,,1,0,0
Cuyahoga,Male,30-39,3/9/2020,,1,0,0
Cuyahoga,Male,30-39,3/10/2020,,2,0,0
Cuyahoga,Male,30-39,3/11/2020,,2,0,1
Cuyahoga,Male,30-39,3/12/2020,,1,0,0
Cuyahoga,Male,30-39,3/14/2020,,4,0,0
Cuyahoga,Male,30-39,3/15/2020,,3,0,0
Cuyahoga,Male,30-39,3/16/2020,,3,0,0
Cuyahoga,Male,30-39,3/17/2020,,3,0,0
Cuyahoga,Male,30-39,3/18/2020,,2,0,0
Cuyahoga,Male,30-39,3/19/2020,,1,0,0
Cuyahoga,Male,30-39,3/20/2020,,4,0,0
Cuyahoga,Male,30-39,3/22/2020,,1,0,0
Cuyahoga,Male,30-39,3/26/2020,,2,0,0
Cuyahoga,Male,30-39,3/27/2020,,2,0,1
Cuyahoga,Male,30-39,3/28/2020,,1,0,0
Cuyahoga,Male,30-39,3/29/2020,,1,0,0
Cuyahoga,Male,40-49,3/2/2020,,1,0,0
Cuyahoga,Male,40-49,3/10/2020,,1,0,0
Cuyahoga,Male,40-49,3/11/2020,,1,0,0
Cuyahoga,Male,40-49,3/13/2020,,3,0,1
Cuyahoga,Male,40-49,3/14/2020,,1,0,0
Cuyahoga,Male,40-49,3/15/2020,,1,0,1
Cuyahoga,Male,40-49,3/16/2020,,2,0,1
Cuyahoga,Male,40-49,3/17/2020,,5,0,1
Cuyahoga,Male,40-49,3/18/2020,,2,0,1
Cuyahoga,Male,40-49,3/19/2020,,3,0,0
Cuyahoga,Male,40-49,3/20/2020,,1,0,1
Cuyahoga,Male,40-49,3/22/2020,,1,0,0
Cuyahoga,Male,40-49,3/23/2020,,3,0,0
Cuyahoga,Male,40-49,3/24/2020,,2,0,0
Cuyahoga,Male,40-49,3/26/2020,,4,0,2
Cuyahoga,Male,40-49,3/27/2020,,4,0,0
Cuyahoga,Male,40-49,3/28/2020,,5,0,1
Cuyahoga,Male,50-59,2/29/2020,,1,0,0
Cuyahoga,Male,50-59,3/4/2020,,1,0,0
Cuyahoga,Male,50-59,3/7/2020,,1,0,1
Cuyahoga,Male,50-59,3/9/2020,,1,0,0
Cuyahoga,Male,50-59,3/11/2020,,2,0,1
Cuyahoga,Male,50-59,3/13/2020,,3,0,2
Cuyahoga,Male,50-59,3/14/2020,,1,0,0
Cuyahoga,Male,50-59,3/15/2020,,2,0,1
Cuyahoga,Male,50-59,3/16/2020,,3,0,1
Cuyahoga,Male,50-59,3/17/2020,,5,0,1
Cuyahoga,Male,50-59,3/18/2020,,1,0,0
Cuyahoga,Male,50-59,3/19/2020,,3,0,1
Cuyahoga,Male,50-59,3/20/2020,,2,0,2
Cuyahoga,Male,50-59,3/21/2020,,4,0,3
Cuyahoga,Male,50-59,3/22/2020,,1,0,0
Cuyahoga,Male,50-59,3/23/2020,,4,0,1
Cuyahoga,Male,50-59,3/25/2020,,2,0,0
Cuyahoga,Male,50-59,3/26/2020,,3,0,1
Cuyahoga,Male,50-59,3/27/2020,,6,0,1
Cuyahoga,Male,50-59,3/28/2020,,4,0,0
Cuyahoga,Male,50-59,3/29/2020,,1,0,0
Cuyahoga,Male,60-69,2/20/2020,,1,0,1
Cuyahoga,Male,60-69,3/5/2020,,1,0,1
Cuyahoga,Male,60-69,3/6/2020,,1,0,1
Cuyahoga,Male,60-69,3/9/2020,,2,0,0
Cuyahoga,Male,60-69,3/11/2020,,2,0,1
Cuyahoga,Male,60-69,3/12/2020,,3,0,0
Cuyahoga,Male,60-69,3/14/2020,,2,0,2
Cuyahoga,Male,60-69,3/15/2020,,3,0,1
Cuyahoga,Male,60-69,3/16/2020,,5,0,1
Cuyahoga,Male,60-69,3/17/2020,,3,0,2
Cuyahoga,Male,60-69,3/18/2020,,4,0,0
Cuyahoga,Male,60-69,3/19/2020,,4,0,0
Cuyahoga,Male,60-69,3/20/2020,,3,0,0
Cuyahoga,Male,60-69,3/21/2020,,1,0,1
Cuyahoga,Male,60-69,3/24/2020,,1,0,0
Cuyahoga,Male,60-69,3/25/2020,,4,0,1
Cuyahoga,Male,60-69,3/26/2020,,1,0,0
Cuyahoga,Male,60-69,3/27/2020,,4,0,1
Cuyahoga,Male,60-69,3/28/2020,,4,0,0
Cuyahoga,Male,70-79,3/8/2020,,1,0,0
Cuyahoga,Male,70-79,3/10/2020,,1,0,1
Cuyahoga,Male,70-79,3/12/2020,,1,0,0
Cuyahoga,Male,70-79,3/13/2020,,3,0,2
Cuyahoga,Male,70-79,3/15/2020,,1,0,1
Cuyahoga,Male,70-79,3/17/2020,,2,0,0
Cuyahoga,Male,70-79,3/18/2020,,2,0,2
Cuyahoga,Male,70-79,3/19/2020,,4,0,3
Cuyahoga,Male,70-79,3/21/2020,,1,0,1
Cuyahoga,Male,70-79,3/22/2020,,1,0,0
Cuyahoga,Male,70-79,3/24/2020,,1,0,0
Cuyahoga,Male,70-79,3/25/2020,,2,0,0
Cuyahoga,Male,70-79,3/26/2020,,4,0,4
Cuyahoga,Male,70-79,3/27/2020,,1,0,0
Cuyahoga,Male,70-79,3/28/2020,,2,0,0
Cuyahoga,Male,70-79,3/29/2020,,1,0,0
Cuyahoga,Male,80+,3/8/2020,,1,0,1
Cuyahoga,Male,80+,3/11/2020,3/28/2020,1,1,1
Cuyahoga,Male,80+,3/12/2020,,1,0,1
Cuyahoga,Male,80+,3/15/2020,,1,0,1
Cuyahoga,Male,80+,3/16/2020,3/20/2020,1,1,1
Cuyahoga,Male,80+,3/17/2020,,1,0,1
Cuyahoga,Male,80+,3/21/2020,,1,0,1
Cuyahoga,Male,80+,3/22/2020,,1,0,0
Cuyahoga,Male,80+,3/25/2020,,3,0,1
Cuyahoga,Male,80+,3/26/2020,,2,0,1
Cuyahoga,Male,80+,3/27/2020,,1,0,0
Cuyahoga,Male,80+,3/28/2020,,3,0,1
Darke,Female,30-39,3/21/2020,,1,0,0
Darke,Female,60-69,3/26/2020,,1,0,0
Darke,Female,80+,3/27/2020,,2,0,0
Darke,Female,80+,3/28/2020,,1,0,0
Darke,Male,20-29,3/12/2020,,1,0,0
Darke,Male,50-59,3/26/2020,,1,0,0
Darke,Male,60-69,3/28/2020,,1,0,0
Darke,Male,70-79,3/27/2020,,2,0,0
Darke,Male,80+,3/27/2020,,2,0,0
Defiance,Female,50-59,3/11/2020,,1,0,0
Defiance,Female,50-59,3/14/2020,,1,0,0
Defiance,Female,60-69,3/21/2020,,1,0,1
Defiance,Male,50-59,3/10/2020,,1,0,1
Defiance,Male,60-69,3/19/2020,,1,0,0
Delaware,Female,0-19,3/20/2020,,1,0,0
Delaware,Female,20-29,3/20/2020,,1,0,0
Delaware,Female,20-29,3/23/2020,,1,0,0
Delaware,Female,30-39,3/16/2020,,1,0,0
Delaware,Female,30-39,3/17/2020,,1,0,0
Delaware,Female,30-39,3/19/2020,,1,0,0
Delaware,Female,30-39,3/24/2020,,1,0,0
Delaware,Female,40-49,3/11/2020,,1,0,0
Delaware,Female,40-49,3/23/2020,,1,0,0
Delaware,Female,40-49,3/24/2020,,1,0,0
Delaware,Female,40-49,3/27/2020,,2,0,0
Delaware,Female,50-59,3/12/2020,,1,0,0
Delaware,Female,50-59,3/17/2020,,1,0,0
Delaware,Female,50-59,3/18/2020,,1,0,0
Delaware,Female,50-59,3/27/2020,,1,0,0
Delaware,Female,60-69,3/13/2020,,1,0,0
Delaware,Female,60-69,3/16/2020,,1,0,0
Delaware,Female,60-69,3/18/2020,3/29/2020,1,1,1
Delaware,Female,60-69,3/19/2020,,1,0,0
Delaware,Female,60-69,3/26/2020,,1,0,1
Delaware,Male,20-29,3/8/2020,,1,0,0
Delaware,Male,20-29,3/12/2020,,1,0,0
Delaware,Male,20-29,3/16/2020,,1,0,0
Delaware,Male,30-39,3/15/2020,,1,0,0
Delaware,Male,40-49,3/8/2020,,1,0,0
Delaware,Male,40-49,3/23/2020,,1,0,0
Delaware,Male,50-59,3/12/2020,,1,0,0
Delaware,Male,50-59,3/16/2020,,1,0,0
Delaware,Male,50-59,3/23/2020,,2,0,0
Delaware,Male,60-69,3/8/2020,,1,0,0
Delaware,Male,60-69,3/18/2020,,1,0,0
Delaware,Male,60-69,3/20/2020,,2,0,1
Delaware,Male,80+,3/17/2020,,1,0,1
Delaware,Male,80+,3/26/2020,,1,0,1
Delaware,Male,80+,3/28/2020,,1,0,0
Erie,Male,40-49,3/14/2020,,1,0,1
Erie,Male,60-69,3/22/2020,,1,0,1
Erie,Male,70-79,3/21/2020,,1,0,1
Erie,Male,70-79,3/23/2020,,1,0,1
Erie,Male,80+,3/17/2020,3/20/2020,1,1,1
Fairfield,Female,0-19,3/15/2020,,1,0,0
Fairfield,Female,20-29,3/25/2020,,1,0,0
Fairfield,Female,30-39,3/15/2020,,1,0,0
Fairfield,Female,30-39,3/25/2020,,2,0,0
Fairfield,Female,40-49,3/18/2020,,1,0,0
Fairfield,Female,50-59,3/17/2020,,1,0,0
Fairfield,Female,60-69,3/8/2020,,1,0,0
Fairfield,Male,20-29,3/17/2020,,1,0,0
Fairfield,Male,50-59,3/12/2020,,1,0,1
Fairfield,Male,50-59,3/17/2020,,1,0,0
Fairfield,Male,60-69,3/22/2020,,1,0,1
Fairfield,Male,70-79,3/16/2020,,1,0,0
Fayette,Female,20-29,3/14/2020,,1,0,0
Franklin,Female,0-19,3/20/2020,,1,0,1
Franklin,Female,20-29,2/28/2020,,1,0,0
Franklin,Female,20-29,3/9/2020,,1,0,1
Franklin,Female,20-29,3/10/2020,,2,0,0
Franklin,Female,20-29,3/11/2020,,1,0,0
Franklin,Female,20-29,3/12/2020,,1,0,0
Franklin,Female,20-29,3/13/2020,,4,0,0
Franklin,Female,20-29,3/14/2020,,2,0,0
Franklin,Female,20-29,3/15/2020,,2,0,0
Franklin,Female,20-29,3/16/2020,,5,0,1
Franklin,Female,20-29,3/17/2020,,5,0,0
Franklin,Female,20-29,3/18/2020,,4,0,0
Franklin,Female,20-29,3/19/2020,,1,0,0
Franklin,Female,20-29,3/20/2020,,3,0,0
Franklin,Female,20-29,3/21/2020,,2,0,1
Franklin,Female,20-29,3/22/2020,,3,0,0
Franklin,Female,20-29,3/23/2020,,1,0,0
Franklin,Female,20-29,3/24/2020,,1,0,0
Franklin,Female,20-29,3/25/2020,,3,0,0
Franklin,Female,20-29,3/26/2020,,1,0,0
Franklin,Female,20-29,3/28/2020,,4,0,0
Franklin,Female,20-29,3/29/2020,,1,0,0
Franklin,Female,30-39,3/6/2020,,1,0,0
Franklin,Female,30-39,3/10/2020,,1,0,0
Franklin,Female,30-39,3/12/2020,,1,0,0
Franklin,Female,30-39,3/13/2020,,1,0,0
Franklin,Female,30-39,3/15/2020,,2,0,0
Franklin,Female,30-39,3/16/2020,,4,0,0
Franklin,Female,30-39,3/17/2020,,2,0,0
Franklin,Female,30-39,3/18/2020,,8,0,1
Franklin,Female,30-39,3/19/2020,,2,0,0
Franklin,Female,30-39,3/21/2020,,1,0,0
Franklin,Female,30-39,3/22/2020,,2,0,0
Franklin,Female,30-39,3/25/2020,,2,0,0
Franklin,Female,30-39,3/26/2020,,4,0,0
Franklin,Female,40-49,3/4/2020,,1,0,0
Franklin,Female,40-49,3/7/2020,,1,0,0
Franklin,Female,40-49,3/8/2020,,1,0,0
Franklin,Female,40-49,3/9/2020,,2,0,1
Franklin,Female,40-49,3/11/2020,,1,0,0
Franklin,Female,40-49,3/15/2020,,2,0,0
Franklin,Female,40-49,3/16/2020,,3,0,0
Franklin,Female,40-49,3/17/2020,,1,0,0
Franklin,Female,40-49,3/19/2020,,1,0,1
Franklin,Female,40-49,3/20/2020,,1,0,1
Franklin,Female,40-49,3/21/2020,,1,0,0
Franklin,Female,40-49,3/22/2020,,2,0,0
Franklin,Female,40-49,3/23/2020,,2,0,0
Franklin,Female,40-49,3/25/2020,,2,0,0
Franklin,Female,40-49,3/27/2020,,4,0,0
Franklin,Female,50-59,3/6/2020,,1,0,1
Franklin,Female,50-59,3/8/2020,,1,0,0
Franklin,Female,50-59,3/12/2020,,1,0,0
Franklin,Female,50-59,3/13/2020,,4,0,1
Franklin,Female,50-59,3/14/2020,,1,0,0
Franklin,Female,50-59,3/15/2020,,2,0,1
Franklin,Female,50-59,3/17/2020,,3,0,0
Franklin,Female,50-59,3/18/2020,,3,0,0
Franklin,Female,50-59,3/19/2020,,1,0,0
Franklin,Female,50-59,3/21/2020,,1,0,0
Franklin,Female,50-59,3/22/2020,,1,0,0
Franklin,Female,50-59,3/23/2020,,2,0,0
Franklin,Female,50-59,3/24/2020,,2,0,0
Franklin,Female,50-59,3/26/2020,,1,0,0
Franklin,Female,50-59,3/27/2020,,3,0,0
Franklin,Female,60-69,3/10/2020,,1,0,1
Franklin,Female,60-69,3/12/2020,,1,0,0
Franklin,Female,60-69,3/13/2020,,1,0,1
Franklin,Female,60-69,3/15/2020,,1,0,1
Franklin,Female,60-69,3/16/2020,,1,0,1
Franklin,Female,60-69,3/17/2020,,1,0,0
Franklin,Female,60-69,3/18/2020,,2,0,1
Franklin,Female,60-69,3/19/2020,,2,0,1
Franklin,Female,60-69,3/20/2020,,1,0,0
Franklin,Female,60-69,3/21/2020,,2,0,0
Franklin,Female,60-69,3/25/2020,,1,0,0
Franklin,Female,60-69,3/26/2020,,1,0,0
Franklin,Female,60-69,3/27/2020,,1,0,1
Franklin,Female,60-69,3/28/2020,,1,0,0
Franklin,Female,70-79,3/6/2020,,1,0,1
Franklin,Female,70-79,3/12/2020,,1,0,0
Franklin,Female,70-79,3/17/2020,,1,0,0
Franklin,Female,70-79,3/18/2020,,2,0,1
Franklin,Female,70-79,3/20/2020,,1,0,1
Franklin,Female,70-79,3/25/2020,,2,0,0
Franklin,Female,80+,3/9/2020,3/17/2020,1,1,1
Franklin,Female,80+,3/23/2020,,1,0,0
Franklin,Male,0-19,3/11/2020,,1,0,0
Franklin,Male,0-19,3/17/2020,,1,0,0
Franklin,Male,20-29,3/6/2020,,1,0,0
Franklin,Male,20-29,3/9/2020,,1,0,1
Franklin,Male,20-29,3/13/2020,,1,0,0
Franklin,Male,20-29,3/14/2020,,1,0,0
Franklin,Male,20-29,3/15/2020,,4,0,0
Franklin,Male,20-29,3/16/2020,,5,0,0
Franklin,Male,20-29,3/17/2020,,3,0,1
Franklin,Male,20-29,3/18/2020,,4,0,0
Franklin,Male,20-29,3/19/2020,,1,0,0
Franklin,Male,20-29,3/20/2020,,1,0,0
Franklin,Male,20-29,3/22/2020,,1,0,0
Franklin,Male,20-29,3/23/2020,,2,0,0
Franklin,Male,20-29,3/24/2020,,2,0,0
Franklin,Male,20-29,3/27/2020,,1,0,0
Franklin,Male,20-29,3/28/2020,,1,0,0
Franklin,Male,30-39,3/2/2020,,1,0,0
Franklin,Male,30-39,3/3/2020,,1,0,0
Franklin,Male,30-39,3/4/2020,,1,0,1
Franklin,Male,30-39,3/11/2020,,1,0,0
Franklin,Male,30-39,3/12/2020,,1,0,0
Franklin,Male,30-39,3/14/2020,,1,0,0
Franklin,Male,30-39,3/15/2020,,1,0,0
Franklin,Male,30-39,3/16/2020,,3,0,0
Franklin,Male,30-39,3/17/2020,,2,0,0
Franklin,Male,30-39,3/18/2020,,3,0,0
Franklin,Male,30-39,3/19/2020,,4,0,0
Franklin,Male,30-39,3/20/2020,,2,0,0
Franklin,Male,30-39,3/21/2020,,1,0,0
Franklin,Male,30-39,3/23/2020,,2,0,0
Franklin,Male,30-39,3/24/2020,,2,0,0
Franklin,Male,30-39,3/25/2020,,1,0,0
Franklin,Male,30-39,3/26/2020,,1,0,0
Franklin,Male,30-39,3/28/2020,,1,0,0
Franklin,Male,40-49,3/7/2020,,1,0,0
Franklin,Male,40-49,3/8/2020,,1,0,0
Franklin,Male,40-49,3/9/2020,,1,0,1
Franklin,Male,40-49,3/11/2020,,1,0,0
Franklin,Male,40-49,3/12/2020,,1,0,1
Franklin,Male,40-49,3/13/2020,,1,0,0
Franklin,Male,40-49,3/15/2020,,1,0,0
Franklin,Male,40-49,3/18/2020,,5,0,2
Franklin,Male,40-49,3/19/2020,,2,0,0
Franklin,Male,40-49,3/25/2020,,1,0,1
Franklin,Male,40-49,3/26/2020,,1,0,1
Franklin,Male,40-49,3/27/2020,,1,0,0
Franklin,Male,50-59,3/2/2020,,1,0,0
Franklin,Male,50-59,3/13/2020,,1,0,0
Franklin,Male,50-59,3/14/2020,,1,0,0
Franklin,Male,50-59,3/15/2020,,1,0,1
Franklin,Male,50-59,3/16/2020,,2,0,0
Franklin,Male,50-59,3/18/2020,,2,0,0
Franklin,Male,50-59,3/20/2020,,2,0,0
Franklin,Male,50-59,3/21/2020,,2,0,0
Franklin,Male,50-59,3/24/2020,,1,0,0
Franklin,Male,50-59,3/26/2020,,1,0,0
Franklin,Male,50-59,3/28/2020,,1,0,0
Franklin,Male,60-69,3/7/2020,,1,0,1
Franklin,Male,60-69,3/10/2020,,2,0,0
Franklin,Male,60-69,3/11/2020,,1,0,1
Franklin,Male,60-69,3/13/2020,,1,0,0
Franklin,Male,60-69,3/16/2020,,1,0,0
Franklin,Male,60-69,3/17/2020,,2,0,2
Franklin,Male,60-69,3/18/2020,,1,0,0
Franklin,Male,60-69,3/20/2020,,2,0,0
Franklin,Male,60-69,3/22/2020,,1,0,1
Franklin,Male,60-69,3/23/2020,,1,0,1
Franklin,Male,60-69,3/25/2020,,1,0,0
Franklin,Male,60-69,3/26/2020,,1,0,0
Franklin,Male,60-69,3/27/2020,,1,0,0
Franklin,Male,70-79,3/8/2020,,1,0,0
Franklin,Male,70-79,3/17/2020,,1,0,0
Franklin,Male,70-79,3/20/2020,,2,0,1
Franklin,Male,70-79,3/21/2020,,1,0,1
Franklin,Male,70-79,3/24/2020,,1,0,1
Franklin,Male,70-79,3/25/2020,,1,0,0
Franklin,Male,70-79,3/29/2020,,1,0,0
Franklin,Male,80+,3/14/2020,3/22/2020,1,1,1
Franklin,Male,80+,3/22/2020,,1,0,1
Franklin,Unknown,20-29,3/15/2020,,1,0,0
Franklin,Unknown,40-49,3/23/2020,,1,0,0
Franklin,Unknown,40-49,3/26/2020,,1,0,0
Franklin,Unknown,40-49,3/28/2020,,1,0,0
Fulton,Female,50-59,3/15/2020,,1,0,0
Fulton,Male,30-39,3/16/2020,,1,0,0
Gallia,Female,60-69,3/19/2020,3/23/2020,1,1,1
Geauga,Female,0-19,3/25/2020,,1,0,0
Geauga,Female,30-39,3/13/2020,,1,0,0
Geauga,Female,30-39,3/16/2020,,1,0,0
Geauga,Female,30-39,3/17/2020,,1,0,0
Geauga,Female,30-39,3/24/2020,,1,0,1
Geauga,Female,30-39,3/27/2020,,1,0,0
Geauga,Female,40-49,3/17/2020,,2,0,0
Geauga,Female,50-59,3/27/2020,,2,0,0
Geauga,Female,80+,3/17/2020,,1,0,1
Geauga,Male,0-19,3/26/2020,,1,0,0
Geauga,Male,20-29,3/29/2020,,1,0,0
Geauga,Male,40-49,3/11/2020,,1,0,0
Geauga,Male,40-49,3/18/2020,,1,0,0
Geauga,Male,40-49,3/25/2020,,1,0,0
Geauga,Male,50-59,3/15/2020,,1,0,1
Geauga,Male,50-59,3/17/2020,,1,0,1
Geauga,Male,50-59,3/23/2020,,1,0,1
Geauga,Male,50-59,3/28/2020,,1,0,0
Geauga,Male,60-69,3/19/2020,,1,0,1
Geauga,Male,80+,3/28/2020,,1,0,0
Greene,Female,50-59,3/4/2020,,1,0,0
Greene,Male,20-29,3/20/2020,,1,0,0
Greene,Male,60-69,3/18/2020,,1,0,0
Hamilton,Female,0-19,3/26/2020,,1,0,0
Hamilton,Female,20-29,3/16/2020,,1,0,0
Hamilton,Female,20-29,3/17/2020,,1,0,0
Hamilton,Female,20-29,3/19/2020,,1,0,0
Hamilton,Female,20-29,3/23/2020,,1,0,0
Hamilton,Female,20-29,3/25/2020,,1,0,0
Hamilton,Female,30-39,3/4/2020,,1,0,0
Hamilton,Female,30-39,3/13/2020,,2,0,1
Hamilton,Female,30-39,3/15/2020,,1,0,0
Hamilton,Female,30-39,3/16/2020,,1,0,0
Hamilton,Female,30-39,3/17/2020,,1,0,0
Hamilton,Female,30-39,3/19/2020,,3,0,1
Hamilton,Female,30-39,3/27/2020,,1,0,0
Hamilton,Female,40-49,3/14/2020,,1,0,0
Hamilton,Female,40-49,3/16/2020,,1,0,0
Hamilton,Female,40-49,3/22/2020,,1,0,0
Hamilton,Female,40-49,3/23/2020,,2,0,0
Hamilton,Female,40-49,3/24/2020,,1,0,0
Hamilton,Female,50-59,3/2/2020,,1,0,0
Hamilton,Female,50-59,3/5/2020,,1,0,0
Hamilton,Female,50-59,3/12/2020,,1,0,0
Hamilton,Female,50-59,3/13/2020,,1,0,0
Hamilton,Female,50-59,3/14/2020,,2,0,1
Hamilton,Female,50-59,3/17/2020,,1,0,0
Hamilton,Female,50-59,3/18/2020,,1,0,0
Hamilton,Female,60-69,3/15/2020,,2,0,1
Hamilton,Female,60-69,3/16/2020,,1,0,0
Hamilton,Female,60-69,3/20/2020,,1,0,0
Hamilton,Female,60-69,3/23/2020,,1,0,0
Hamilton,Female,60-69,3/25/2020,,1,0,1
Hamilton,Female,70-79,3/13/2020,,1,0,0
Hamilton,Female,70-79,3/26/2020,,1,0,0
Hamilton,Female,80+,3/25/2020,,1,0,0
Hamilton,Female,Unknown,3/20/2020,,1,0,0
Hamilton,Male,0-19,3/15/2020,,1,0,0
Hamilton,Male,20-29,3/7/2020,,1,0,0
Hamilton,Male,20-29,3/14/2020,,1,0,0
Hamilton,Male,20-29,3/16/2020,,1,0,0
Hamilton,Male,20-29,3/17/2020,,1,0,0
Hamilton,Male,20-29,3/18/2020,,1,0,0
Hamilton,Male,20-29,3/19/2020,,1,0,0
Hamilton,Male,20-29,3/20/2020,,1,0,0
Hamilton,Male,20-29,3/25/2020,,1,0,0
Hamilton,Male,30-39,3/10/2020,,2,0,0
Hamilton,Male,30-39,3/13/2020,,1,0,0
Hamilton,Male,30-39,3/17/2020,,2,0,0
Hamilton,Male,30-39,3/20/2020,,1,0,0
Hamilton,Male,30-39,3/26/2020,,1,0,0
Hamilton,Male,40-49,3/11/2020,,3,0,0
Hamilton,Male,40-49,3/13/2020,,1,0,0
Hamilton,Male,40-49,3/14/2020,,1,0,0
Hamilton,Male,40-49,3/15/2020,,1,0,0
Hamilton,Male,40-49,3/16/2020,,1,0,0
Hamilton,Male,40-49,3/17/2020,,1,0,0
Hamilton,Male,40-49,3/18/2020,,1,0,1
Hamilton,Male,40-49,3/19/2020,,2,0,0
Hamilton,Male,40-49,3/23/2020,,1,0,0
Hamilton,Male,50-59,3/11/2020,,1,0,0
Hamilton,Male,50-59,3/14/2020,,1,0,0
Hamilton,Male,50-59,3/15/2020,,1,0,0
Hamilton,Male,50-59,3/16/2020,,1,0,0
Hamilton,Male,50-59,3/17/2020,,2,0,1
Hamilton,Male,50-59,3/18/2020,,1,0,0
Hamilton,Male,50-59,3/20/2020,,1,0,0
Hamilton,Male,50-59,3/21/2020,,1,0,0
Hamilton,Male,50-59,3/25/2020,,1,0,0
Hamilton,Male,50-59,3/26/2020,,1,0,1
Hamilton,Male,60-69,3/8/2020,,1,0,1
Hamilton,Male,60-69,3/10/2020,,1,0,0
Hamilton,Male,60-69,3/16/2020,,1,0,1
Hamilton,Male,60-69,3/17/2020,,2,0,1
Hamilton,Male,60-69,3/18/2020,,2,0,0
Hamilton,Male,60-69,3/21/2020,,1,0,0
Hamilton,Male,60-69,3/22/2020,,1,0,0
Hamilton,Male,60-69,3/23/2020,,2,0,1
Hamilton,Male,60-69,3/24/2020,,2,0,0
Hamilton,Male,60-69,3/27/2020,,1,0,0
Hamilton,Male,70-79,3/11/2020,,1,0,0
Hamilton,Male,70-79,3/25/2020,,1,0,1
Hamilton,Male,80+,3/13/2020,,1,0,1
Hamilton,Male,80+,3/17/2020,,1,0,0
Hamilton,Male,80+,3/18/2020,,1,0,1
Hamilton,Male,80+,3/26/2020,,2,0,0
Hamilton,Unknown,30-39,3/25/2020,,1,0,0
Hancock,Female,20-29,3/17/2020,,1,0,0
Hancock,Female,30-39,3/20/2020,,1,0,1
Hancock,Male,80+,3/26/2020,,1,0,0
Highland,Female,60-69,3/1/2020,,1,0,0
Holmes,Female,50-59,3/23/2020,,1,0,0
Huron,Female,20-29,3/18/2020,,1,0,0
Huron,Female,40-49,3/13/2020,,1,0,1
Huron,Male,70-79,3/8/2020,3/29/2020,1,1,1
Jefferson,Female,20-29,3/26/2020,,1,0,0
Jefferson,Female,30-39,3/25/2020,,1,0,0
Jefferson,Female,40-49,3/23/2020,,1,0,0
Jefferson,Female,50-59,3/18/2020,,1,0,1
Jefferson,Female,50-59,3/27/2020,,1,0,0
Jefferson,Female,60-69,3/14/2020,,1,0,0
Jefferson,Male,50-59,3/25/2020,,1,0,0
Knox,Female,20-29,3/9/2020,,1,0,0
Knox,Male,30-39,3/16/2020,,1,0,0
Knox,Male,70-79,3/7/2020,,1,0,1
Lake,Female,20-29,3/14/2020,,2,0,0
Lake,Female,20-29,3/16/2020,,1,0,0
Lake,Female,20-29,3/20/2020,,1,0,0
Lake,Female,30-39,3/13/2020,,1,0,0
Lake,Female,30-39,3/19/2020,,1,0,0
Lake,Female,40-49,3/16/2020,,1,0,0
Lake,Female,40-49,3/23/2020,,1,0,0
Lake,Female,40-49,3/25/2020,,1,0,1
Lake,Female,50-59,3/17/2020,,1,0,0
Lake,Female,50-59,3/18/2020,,1,0,1
Lake,Female,50-59,3/20/2020,,1,0,1
Lake,Female,50-59,3/24/2020,,1,0,0
Lake,Female,60-69,3/16/2020,,1,0,0
Lake,Female,60-69,3/18/2020,,1,0,0
Lake,Female,60-69,3/22/2020,,1,0,1
Lake,Female,60-69,3/26/2020,,1,0,1
Lake,Female,60-69,3/28/2020,,1,0,0
Lake,Female,70-79,3/16/2020,,2,0,1
Lake,Female,70-79,3/27/2020,,1,0,0
Lake,Male,0-19,3/26/2020,,1,0,0
Lake,Male,20-29,3/15/2020,,1,0,0
Lake,Male,20-29,3/16/2020,,1,0,0
Lake,Male,20-29,3/20/2020,,1,0,0
Lake,Male,20-29,3/26/2020,,1,0,0
Lake,Male,30-39,3/18/2020,,1,0,0
Lake,Male,30-39,3/22/2020,,1,0,0
Lake,Male,50-59,3/12/2020,,1,0,1
Lake,Male,50-59,3/16/2020,3/27/2020,1,1,1
Lake,Male,50-59,3/18/2020,,1,0,0
Lake,Male,50-59,3/20/2020,,1,0,0
Lake,Male,60-69,3/22/2020,,1,0,1
Lake,Male,60-69,3/27/2020,,1,0,0
Lake,Male,60-69,3/28/2020,,3,0,0
Lake,Male,70-79,3/14/2020,,1,0,1
Lake,Male,70-79,3/15/2020,,1,0,1
Lake,Male,70-79,3/18/2020,,1,0,0
Lake,Male,70-79,3/23/2020,,1,0,1
Lake,Male,80+,3/19/2020,,1,0,1
Lake,Male,80+,3/22/2020,,1,0,1
Lawrence,Male,40-49,3/7/2020,,1,0,0
Licking,Female,0-19,3/13/2020,,1,0,0
Licking,Female,0-19,3/15/2020,,1,0,0
Licking,Female,20-29,3/16/2020,,1,0,0
Licking,Female,20-29,3/19/2020,,1,0,0
Licking,Female,20-29,3/22/2020,,1,0,0
Licking,Female,30-39,3/15/2020,,1,0,0
Licking,Female,40-49,3/21/2020,,1,0,0
Licking,Female,40-49,3/25/2020,,1,0,0
Licking,Female,40-49,3/26/2020,,1,0,0
Licking,Female,50-59,3/17/2020,,1,0,0
Licking,Female,50-59,3/19/2020,,1,0,0
Licking,Female,50-59,3/21/2020,,1,0,1
Licking,Female,70-79,3/20/2020,,1,0,0
Licking,Male,20-29,3/25/2020,,1,0,0
Licking,Male,40-49,3/20/2020,,1,0,0
Licking,Male,40-49,3/26/2020,,1,0,0
Licking,Male,50-59,3/10/2020,,1,0,0
Licking,Male,50-59,3/24/2020,,1,0,0
Licking,Male,50-59,3/25/2020,,1,0,0
Licking,Male,60-69,3/25/2020,,1,0,0
Licking,Male,80+,3/25/2020,,1,0,0
Logan,Female,80+,3/9/2020,,1,0,1
Logan,Male,50-59,3/15/2020,,1,0,0
Logan,Male,60-69,3/13/2020,,1,0,0
Lorain,Female,20-29,3/13/2020,,1,0,0
Lorain,Female,20-29,3/16/2020,,1,0,0
Lorain,Female,20-29,3/20/2020,,2,0,0
Lorain,Female,20-29,3/22/2020,,1,0,0
Lorain,Female,20-29,3/27/2020,,1,0,0
Lorain,Female,30-39,3/14/2020,,1,0,0
Lorain,Female,30-39,3/19/2020,,1,0,0
Lorain,Female,30-39,3/20/2020,,1,0,0
Lorain,Female,30-39,3/21/2020,,1,0,0
Lorain,Female,30-39,3/22/2020,,1,0,0
Lorain,Female,30-39,3/23/2020,,1,0,0
Lorain,Female,40-49,3/10/2020,,1,0,0
Lorain,Female,40-49,3/11/2020,,1,0,0
Lorain,Female,40-49,3/15/2020,,2,0,0
Lorain,Female,40-49,3/17/2020,,2,0,1
Lorain,Female,40-49,3/23/2020,,1,0,0
Lorain,Female,40-49,3/26/2020,,1,0,0
Lorain,Female,40-49,3/27/2020,,1,0,0
Lorain,Female,50-59,3/11/2020,,2,0,0
Lorain,Female,50-59,3/13/2020,,1,0,1
Lorain,Female,50-59,3/21/2020,,1,0,0
Lorain,Female,50-59,3/28/2020,,1,0,0
Lorain,Female,60-69,3/11/2020,,1,0,0
Lorain,Female,60-69,3/13/2020,,1,0,0
Lorain,Female,60-69,3/14/2020,,1,0,0
Lorain,Female,60-69,3/16/2020,,2,0,0
Lorain,Female,60-69,3/18/2020,,4,0,0
Lorain,Female,60-69,3/19/2020,,1,0,1
Lorain,Female,60-69,3/20/2020,,1,0,0
Lorain,Female,60-69,3/21/2020,,1,0,0
Lorain,Female,60-69,3/23/2020,,1,0,0
Lorain,Female,70-79,3/14/2020,,1,0,1
Lorain,Female,70-79,3/15/2020,,1,0,1
Lorain,Female,70-79,3/18/2020,,1,0,1
Lorain,Female,70-79,3/19/2020,,1,0,1
Lorain,Female,70-79,3/22/2020,,1,0,1
Lorain,Female,80+,3/14/2020,,1,0,0
Lorain,Female,80+,3/16/2020,3/30/2020,1,1,1
Lorain,Female,80+,3/18/2020,3/29/2020,1,1,1
Lorain,Male,20-29,3/18/2020,,1,0,0
Lorain,Male,20-29,3/19/2020,,1,0,0
Lorain,Male,30-39,3/9/2020,,1,0,1
Lorain,Male,30-39,3/14/2020,,1,0,0
Lorain,Male,30-39,3/24/2020,,1,0,0
Lorain,Male,40-49,3/6/2020,,1,0,0
Lorain,Male,40-49,3/11/2020,,1,0,0
Lorain,Male,40-49,3/12/2020,,1,0,0
Lorain,Male,40-49,3/16/2020,,1,0,0
Lorain,Male,40-49,3/18/2020,,1,0,0
Lorain,Male,40-49,3/22/2020,,1,0,0
Lorain,Male,40-49,3/27/2020,,1,0,0
Lorain,Male,50-59,3/11/2020,,1,0,0
Lorain,Male,50-59,3/14/2020,,1,0,0
Lorain,Male,50-59,3/15/2020,,1,0,1
Lorain,Male,50-59,3/17/2020,,3,0,2
Lorain,Male,50-59,3/20/2020,,2,0,1
Lorain,Male,50-59,3/24/2020,,1,0,0
Lorain,Male,60-69,3/15/2020,,2,0,0
Lorain,Male,60-69,3/20/2020,,1,0,0
Lorain,Male,60-69,3/22/2020,,1,0,1
Lorain,Male,70-79,3/20/2020,,1,0,1
Lorain,Male,70-79,3/24/2020,,1,0,1
Lorain,Male,70-79,3/27/2020,,1,0,0
Lorain,Male,80+,3/12/2020,,1,0,1
Lorain,Male,80+,3/24/2020,,1,0,1
Lorain,Male,80+,3/25/2020,,1,0,0
Lucas,Female,0-19,3/16/2020,,1,0,0
Lucas,Female,0-19,3/26/2020,,1,0,0
Lucas,Female,20-29,3/18/2020,,1,0,0
Lucas,Female,20-29,3/25/2020,,3,0,0
Lucas,Female,20-29,3/26/2020,,1,0,0
Lucas,Female,20-29,3/27/2020,,1,0,0
Lucas,Female,20-29,3/28/2020,,1,0,0
Lucas,Female,30-39,3/23/2020,,2,0,0
Lucas,Female,30-39,3/25/2020,,1,0,0
Lucas,Female,30-39,3/26/2020,,3,0,0
Lucas,Female,30-39,3/27/2020,,3,0,0
Lucas,Female,40-49,3/22/2020,,1,0,0
Lucas,Female,40-49,3/23/2020,,2,0,0
Lucas,Female,40-49,3/25/2020,,2,0,0
Lucas,Female,40-49,3/26/2020,,2,0,0
Lucas,Female,40-49,3/27/2020,,3,0,0
Lucas,Female,40-49,3/28/2020,,2,0,0
Lucas,Female,50-59,3/16/2020,,1,0,0
Lucas,Female,50-59,3/18/2020,,1,0,0
Lucas,Female,50-59,3/20/2020,,2,0,2
Lucas,Female,50-59,3/21/2020,,1,0,1
Lucas,Female,50-59,3/26/2020,,2,0,0
Lucas,Female,50-59,3/28/2020,,4,0,0
Lucas,Female,50-59,3/29/2020,,1,0,0
Lucas,Female,60-69,3/21/2020,,1,0,0
Lucas,Female,60-69,3/23/2020,,1,0,0
Lucas,Female,60-69,3/26/2020,,1,0,0
Lucas,Female,60-69,3/27/2020,,1,0,0
Lucas,Female,70-79,3/16/2020,,1,0,0
Lucas,Female,70-79,3/25/2020,,1,0,1
Lucas,Female,70-79,3/26/2020,,1,0,0
Lucas,Female,70-79,3/28/2020,,1,0,0
Lucas,Female,70-79,3/29/2020,,1,0,0
Lucas,Female,80+,3/17/2020,,1,0,0
Lucas,Female,80+,3/26/2020,,1,0,0
Lucas,Female,80+,3/28/2020,,1,0,0
Lucas,Male,20-29,3/18/2020,,1,0,0
Lucas,Male,20-29,3/20/2020,,1,0,0
Lucas,Male,20-29,3/23/2020,,1,0,0
Lucas,Male,20-29,3/25/2020,,1,0,0
Lucas,Male,20-29,3/26/2020,,1,0,0
Lucas,Male,20-29,3/27/2020,,1,0,0
Lucas,Male,20-29,3/28/2020,,1,0,0
Lucas,Male,30-39,3/17/2020,,1,0,0
Lucas,Male,30-39,3/18/2020,,1,0,0
Lucas,Male,30-39,3/21/2020,,1,0,0
Lucas,Male,30-39,3/25/2020,,1,0,0
Lucas,Male,30-39,3/26/2020,,1,0,0
Lucas,Male,30-39,3/29/2020,,2,0,0
Lucas,Male,40-49,3/16/2020,,1,0,0
Lucas,Male,40-49,3/18/2020,,1,0,0
Lucas,Male,40-49,3/23/2020,,1,0,0
Lucas,Male,40-49,3/24/2020,,1,0,0
Lucas,Male,40-49,3/25/2020,,1,0,0
Lucas,Male,40-49,3/26/2020,,1,0,1
Lucas,Male,40-49,3/27/2020,,4,0,0
Lucas,Male,40-49,3/28/2020,,2,0,0
Lucas,Male,50-59,3/18/2020,,2,0,1
Lucas,Male,50-59,3/19/2020,,1,0,1
Lucas,Male,50-59,3/24/2020,,3,0,0
Lucas,Male,50-59,3/26/2020,,1,0,0
Lucas,Male,50-59,3/27/2020,,3,0,0
Lucas,Male,50-59,3/28/2020,,2,0,0
Lucas,Male,60-69,3/3/2020,,1,0,1
Lucas,Male,60-69,3/16/2020,,1,0,0
Lucas,Male,60-69,3/20/2020,,4,0,4
Lucas,Male,60-69,3/22/2020,,1,0,0
Lucas,Male,60-69,3/23/2020,,1,0,0
Lucas,Male,60-69,3/25/2020,,2,0,0
Lucas,Male,60-69,3/26/2020,,2,0,0
Lucas,Male,60-69,3/29/2020,,1,0,0
Lucas,Male,70-79,3/5/2020,3/22/2020,1,1,1
Lucas,Male,70-79,3/13/2020,3/18/2020,1,1,0
Lucas,Male,70-79,3/14/2020,,1,0,1
Lucas,Male,70-79,3/20/2020,,1,0,1
Lucas,Male,70-79,3/23/2020,,1,0,0
Lucas,Male,70-79,3/26/2020,,1,0,0
Lucas,Male,70-79,3/27/2020,,1,0,0
Lucas,Male,80+,3/26/2020,,1,0,0
Lucas,Male,80+,3/27/2020,,1,0,0
Madison,Female,30-39,3/23/2020,,1,0,0
Madison,Female,50-59,3/20/2020,,1,0,0
Madison,Male,20-29,3/18/2020,,1,0,0
Madison,Male,20-29,3/26/2020,,1,0,0
Madison,Male,70-79,3/16/2020,,1,0,1
Mahoning,Female,0-19,3/26/2020,,1,0,0
Mahoning,Female,20-29,3/4/2020,,1,0,1
Mahoning,Female,20-29,3/26/2020,,1,0,0
Mahoning,Female,30-39,3/15/2020,,1,0,0
Mahoning,Female,30-39,3/18/2020,,2,0,0
Mahoning,Female,30-39,3/20/2020,,2,0,0
Mahoning,Female,30-39,3/26/2020,,1,0,0
Mahoning,Female,30-39,3/29/2020,,1,0,0
Mahoning,Female,40-49,3/13/2020,,1,0,1
Mahoning,Female,40-49,3/16/2020,,1,0,0
Mahoning,Female,40-49,3/17/2020,,2,0,1
Mahoning,Female,40-49,3/21/2020,,1,0,0
Mahoning,Female,40-49,3/24/2020,,2,0,1
Mahoning,Female,40-49,3/25/2020,,1,0,0
Mahoning,Female,40-49,3/27/2020,,1,0,0
Mahoning,Female,50-59,3/13/2020,,1,0,1
Mahoning,Female,50-59,3/19/2020,,1,0,0
Mahoning,Female,50-59,3/20/2020,,3,0,2
Mahoning,Female,50-59,3/22/2020,,1,0,0
Mahoning,Female,50-59,3/25/2020,,1,0,0
Mahoning,Female,50-59,3/26/2020,,2,0,0
Mahoning,Female,60-69,3/9/2020,,1,0,1
Mahoning,Female,60-69,3/10/2020,,1,0,1
Mahoning,Female,60-69,3/13/2020,,1,0,0
Mahoning,Female,60-69,3/16/2020,,1,0,0
Mahoning,Female,60-69,3/18/2020,,1,0,0
Mahoning,Female,60-69,3/19/2020,,1,0,1
Mahoning,Female,60-69,3/20/2020,,1,0,1
Mahoning,Female,60-69,3/22/2020,,1,0,0
Mahoning,Female,60-69,3/25/2020,,1,0,0
Mahoning,Female,60-69,3/27/2020,,1,0,0
Mahoning,Female,70-79,3/11/2020,,1,0,0
Mahoning,Female,70-79,3/13/2020,,1,0,1
Mahoning,Female,70-79,3/18/2020,,1,0,1
Mahoning,Female,70-79,3/19/2020,,1,0,1
Mahoning,Female,70-79,3/24/2020,,1,0,1
Mahoning,Female,70-79,3/26/2020,,2,0,0
Mahoning,Female,80+,3/9/2020,3/25/2020,1,1,1
Mahoning,Female,80+,3/15/2020,,2,0,2
Mahoning,Female,80+,3/19/2020,,2,0,2
Mahoning,Female,80+,3/20/2020,,1,0,1
Mahoning,Female,80+,3/21/2020,,1,0,1
Mahoning,Female,80+,3/24/2020,,1,0,1
Mahoning,Female,80+,3/26/2020,,2,0,0
Mahoning,Male,30-39,3/9/2020,,1,0,0
Mahoning,Male,30-39,3/24/2020,,2,0,0
Mahoning,Male,30-39,3/27/2020,,1,0,1
Mahoning,Male,30-39,3/28/2020,,1,0,0
Mahoning,Male,40-49,3/9/2020,,1,0,1
Mahoning,Male,40-49,3/14/2020,,1,0,1
Mahoning,Male,40-49,3/23/2020,,1,0,0
Mahoning,Male,50-59,3/6/2020,,1,0,0
Mahoning,Male,50-59,3/8/2020,,1,0,1
Mahoning,Male,50-59,3/10/2020,,1,0,0
Mahoning,Male,50-59,3/17/2020,,3,0,2
Mahoning,Male,50-59,3/19/2020,,1,0,0
Mahoning,Male,50-59,3/23/2020,,2,0,0
Mahoning,Male,50-59,3/24/2020,,1,0,0
Mahoning,Male,60-69,3/1/2020,,1,0,1
Mahoning,Male,60-69,3/10/2020,,1,0,1
Mahoning,Male,60-69,3/13/2020,,1,0,0
Mahoning,Male,60-69,3/15/2020,,1,0,1
Mahoning,Male,60-69,3/17/2020,,2,0,1
Mahoning,Male,60-69,3/18/2020,,1,0,0
Mahoning,Male,60-69,3/21/2020,,3,0,2
Mahoning,Male,60-69,3/22/2020,,1,0,0
Mahoning,Male,60-69,3/22/2020,3/23/2020,1,1,1
Mahoning,Male,60-69,3/24/2020,,2,0,1
Mahoning,Male,60-69,3/25/2020,,2,0,1
Mahoning,Male,70-79,3/7/2020,,1,0,1
Mahoning,Male,70-79,3/10/2020,,1,0,1
Mahoning,Male,70-79,3/12/2020,,3,0,2
Mahoning,Male,70-79,3/13/2020,,1,0,0
Mahoning,Male,70-79,3/16/2020,,1,0,0
Mahoning,Male,70-79,3/17/2020,,2,0,1
Mahoning,Male,70-79,3/18/2020,,1,0,0
Mahoning,Male,70-79,3/21/2020,,1,0,1
Mahoning,Male,70-79,3/22/2020,,1,0,1
Mahoning,Male,70-79,3/24/2020,,2,0,1
Mahoning,Male,70-79,3/26/2020,,1,0,1
Mahoning,Male,70-79,3/27/2020,,1,0,1
Mahoning,Male,80+,3/6/2020,,2,0,1
Mahoning,Male,80+,3/17/2020,,1,0,0
Mahoning,Male,80+,3/20/2020,,1,0,1
Mahoning,Male,80+,3/20/2020,3/28/2020,1,1,1
Mahoning,Male,80+,3/21/2020,,1,0,1
Mahoning,Male,80+,3/23/2020,,1,0,0
Mahoning,Male,80+,3/24/2020,,3,0,0
Mahoning,Male,80+,3/24/2020,3/27/2020,1,1,0
Mahoning,Male,80+,3/27/2020,,1,0,1
Marion,Female,40-49,3/26/2020,,1,0,0
Marion,Female,50-59,3/20/2020,,1,0,0
Marion,Male,20-29,3/27/2020,,1,0,0
Marion,Male,40-49,3/12/2020,,1,0,0
Marion,Male,60-69,3/7/2020,,1,0,0
Marion,Male,60-69,3/17/2020,,1,0,0
Marion,Male,60-69,3/20/2020,,1,0,0
Medina,Female,20-29,3/15/2020,,1,0,0
Medina,Female,20-29,3/17/2020,,1,0,0
Medina,Female,30-39,3/17/2020,,1,0,1
Medina,Female,30-39,3/21/2020,,1,0,0
Medina,Female,30-39,3/22/2020,,1,0,0
Medina,Female,30-39,3/26/2020,,1,0,0
Medina,Female,40-49,2/21/2020,,1,0,0
Medina,Female,40-49,3/16/2020,,1,0,0
Medina,Female,40-49,3/17/2020,,1,0,0
Medina,Female,40-49,3/19/2020,,1,0,0
Medina,Female,50-59,3/15/2020,,1,0,0
Medina,Female,50-59,3/19/2020,,1,0,0
Medina,Female,50-59,3/20/2020,,1,0,0
Medina,Female,50-59,3/27/2020,,1,0,0
Medina,Female,60-69,3/19/2020,,1,0,0
Medina,Female,60-69,3/20/2020,,1,0,0
Medina,Female,60-69,3/23/2020,,1,0,1
Medina,Female,60-69,3/28/2020,,1,0,0
Medina,Female,70-79,3/17/2020,,1,0,1
Medina,Female,80+,3/18/2020,,1,0,1
Medina,Male,20-29,3/15/2020,,2,0,1
Medina,Male,20-29,3/20/2020,,1,0,0
Medina,Male,30-39,3/29/2020,,1,0,0
Medina,Male,40-49,3/9/2020,,1,0,0
Medina,Male,40-49,3/15/2020,,2,0,0
Medina,Male,40-49,3/19/2020,,1,0,0
Medina,Male,40-49,3/24/2020,,3,0,0
Medina,Male,50-59,3/14/2020,,1,0,0
Medina,Male,50-59,3/21/2020,,1,0,0
Medina,Male,50-59,3/22/2020,,2,0,0
Medina,Male,60-69,2/25/2020,,1,0,1
Medina,Male,60-69,3/9/2020,,1,0,1
Medina,Male,60-69,3/19/2020,,1,0,1
Medina,Male,60-69,3/21/2020,,2,0,0
Medina,Male,60-69,3/27/2020,,1,0,0
Medina,Male,70-79,3/16/2020,,1,0,0
Medina,Male,70-79,3/17/2020,,1,0,1
Medina,Male,70-79,3/18/2020,,1,0,0
Medina,Male,70-79,3/22/2020,,1,0,0
Medina,Male,70-79,3/28/2020,,1,0,1
Medina,Male,80+,3/20/2020,3/28/2020,1,1,1
Medina,Male,80+,3/29/2020,,1,0,0
Mercer,Female,60-69,3/15/2020,,1,0,0
Mercer,Male,70-79,3/20/2020,,1,0,1
Miami,Female,20-29,3/16/2020,,1,0,0
Miami,Female,20-29,3/19/2020,,1,0,0
Miami,Female,30-39,3/9/2020,,1,0,1
Miami,Female,30-39,3/14/2020,,1,0,0
Miami,Female,30-39,3/16/2020,,1,0,0
Miami,Female,30-39,3/17/2020,,1,0,0
Miami,Female,40-49,3/11/2020,,1,0,1
Miami,Female,40-49,3/23/2020,,1,0,1
Miami,Female,50-59,3/18/2020,,1,0,1
Miami,Female,60-69,3/16/2020,,2,0,1
Miami,Female,60-69,3/17/2020,,2,0,1
Miami,Female,60-69,3/18/2020,,2,0,0
Miami,Female,60-69,3/23/2020,,1,0,1
Miami,Female,70-79,3/25/2020,,1,0,0
Miami,Female,80+,3/15/2020,,1,0,1
Miami,Female,80+,3/18/2020,,2,0,0
Miami,Female,80+,3/18/2020,3/25/2020,1,1,1
Miami,Female,80+,3/22/2020,,1,0,0
Miami,Male,20-29,3/2/2020,,1,0,0
Miami,Male,20-29,3/22/2020,,1,0,0
Miami,Male,20-29,3/24/2020,,1,0,1
Miami,Male,30-39,3/16/2020,,1,0,0
Miami,Male,30-39,3/17/2020,,1,0,0
Miami,Male,40-49,3/13/2020,,1,0,0
Miami,Male,50-59,3/13/2020,,1,0,0
Miami,Male,50-59,3/15/2020,,1,0,0
Miami,Male,50-59,3/18/2020,,1,0,0
Miami,Male,60-69,3/13/2020,,1,0,0
Miami,Male,60-69,3/18/2020,,2,0,0
Miami,Male,60-69,3/19/2020,,1,0,0
Miami,Male,60-69,3/21/2020,,1,0,1
Miami,Male,60-69,3/25/2020,,1,0,0
Miami,Male,80+,3/13/2020,3/30/2020,1,1,1
Miami,Male,80+,3/16/2020,3/20/2020,1,1,1
Miami,Male,80+,3/17/2020,,1,0,1
Miami,Male,80+,3/18/2020,,1,0,0
Miami,Male,80+,3/18/2020,3/22/2020,1,1,0
Miami,Male,80+,3/19/2020,,1,0,1
Miami,Male,80+,3/20/2020,,1,0,0
Miami,Male,80+,3/21/2020,3/28/2020,1,1,1
Miami,Male,80+,3/23/2020,,1,0,0
Montgomery,Female,20-29,3/18/2020,,1,0,0
Montgomery,Female,30-39,3/15/2020,,1,0,0
Montgomery,Female,40-49,3/13/2020,,1,0,0
Montgomery,Female,40-49,3/15/2020,,1,0,0
Montgomery,Female,40-49,3/16/2020,,1,0,0
Montgomery,Female,40-49,3/19/2020,,3,0,0
Montgomery,Female,40-49,3/20/2020,,1,0,0
Montgomery,Female,50-59,2/29/2020,,1,0,0
Montgomery,Female,50-59,3/18/2020,,1,0,0
Montgomery,Female,50-59,3/21/2020,,1,0,0
Montgomery,Female,60-69,3/17/2020,,2,0,0
Montgomery,Female,60-69,3/19/2020,,1,0,0
Montgomery,Female,70-79,3/17/2020,,1,0,0
Montgomery,Female,70-79,3/20/2020,,1,0,0
Montgomery,Female,70-79,3/24/2020,,1,0,1
Montgomery,Male,0-19,3/17/2020,,1,0,0
Montgomery,Male,20-29,3/15/2020,,1,0,0
Montgomery,Male,20-29,3/18/2020,,1,0,0
Montgomery,Male,30-39,3/10/2020,,1,0,0
Montgomery,Male,30-39,3/14/2020,,1,0,0
Montgomery,Male,50-59,3/19/2020,,2,0,0
Montgomery,Male,50-59,3/20/2020,,1,0,0
Montgomery,Male,60-69,3/7/2020,,1,0,1
Montgomery,Male,60-69,3/9/2020,,1,0,1
Montgomery,Male,60-69,3/17/2020,,1,0,1
Montgomery,Male,60-69,3/19/2020,,1,0,0
Montgomery,Male,80+,3/20/2020,3/30/2020,1,1,0
Muskingum,Male,0-19,3/22/2020,,1,0,1
Muskingum,Male,40-49,3/4/2020,,1,0,1
Ottawa,Female,60-69,3/26/2020,,1,0,1
Ottawa,Male,30-39,3/28/2020,,1,0,0
Pickaway,Female,20-29,3/23/2020,,1,0,0
Pickaway,Female,20-29,3/25/2020,,1,0,0
Pickaway,Female,40-49,3/18/2020,,1,0,0
Pickaway,Female,40-49,3/27/2020,,1,0,0
Pickaway,Male,20-29,3/23/2020,,1,0,0
Pike,Female,40-49,3/11/2020,,1,0,0
Portage,Female,30-39,3/9/2020,,1,0,1
Portage,Female,30-39,3/23/2020,,1,0,0
Portage,Female,30-39,3/27/2020,,1,0,0
Portage,Female,40-49,3/17/2020,,1,0,0
Portage,Female,40-49,3/24/2020,,1,0,1
Portage,Female,50-59,3/9/2020,,1,0,0
Portage,Female,50-59,3/24/2020,,1,0,0
Portage,Female,50-59,3/25/2020,,1,0,0
Portage,Female,60-69,3/25/2020,,2,0,1
Portage,Female,60-69,3/27/2020,,1,0,0
Portage,Female,60-69,3/28/2020,,1,0,0
Portage,Female,70-79,3/23/2020,,1,0,0
Portage,Female,80+,3/25/2020,,1,0,0
Portage,Male,30-39,3/27/2020,,1,0,0
Portage,Male,40-49,3/18/2020,,1,0,0
Portage,Male,40-49,3/21/2020,,1,0,0
Portage,Male,50-59,3/29/2020,,1,0,0
Portage,Male,60-69,2/27/2020,,1,0,0
Portage,Male,60-69,3/22/2020,,2,0,1
Portage,Male,60-69,3/27/2020,,1,0,0
Portage,Male,70-79,3/26/2020,,3,0,0
Portage,Male,70-79,3/28/2020,,1,0,0
Portage,Male,80+,3/20/2020,,1,0,1
Portage,Male,80+,3/23/2020,,1,0,0
Portage,Male,80+,3/24/2020,3/29/2020,1,1,0
Portage,Male,80+,3/27/2020,,1,0,0
Portage,Male,80+,3/28/2020,,2,0,0
Preble,Female,60-69,3/17/2020,,1,0,1
Richland,Female,50-59,3/6/2020,,1,0,1
Richland,Male,20-29,3/12/2020,,1,0,0
Richland,Male,20-29,3/18/2020,,1,0,0
Richland,Male,60-69,3/10/2020,,1,0,1
Richland,Male,60-69,3/24/2020,,1,0,0
Ross,Male,50-59,3/21/2020,,1,0,1
Sandusky,Male,60-69,3/10/2020,,1,0,1
Sandusky,Male,60-69,3/17/2020,,1,0,1
Sandusky,Male,60-69,3/25/2020,,1,0,1
Seneca,Female,50-59,3/14/2020,,1,0,0
Seneca,Female,80+,3/28/2020,,1,0,0
Seneca,Male,30-39,3/28/2020,,1,0,0
Shelby,Female,70-79,3/24/2020,,1,0,0
Shelby,Male,30-39,3/11/2020,,1,0,0
Shelby,Male,50-59,3/20/2020,,1,0,1
Shelby,Male,60-69,3/24/2020,,1,0,1
Stark,Female,20-29,3/17/2020,,1,0,0
Stark,Female,20-29,3/20/2020,,1,0,0
Stark,Female,20-29,3/23/2020,,1,0,0
Stark,Female,20-29,3/24/2020,,1,0,0
Stark,Female,20-29,3/25/2020,,2,0,0
Stark,Female,20-29,3/28/2020,,3,0,0
Stark,Female,30-39,3/19/2020,,1,0,0
Stark,Female,30-39,3/22/2020,,1,0,0
Stark,Female,40-49,3/14/2020,,1,0,0
Stark,Female,40-49,3/25/2020,,1,0,0
Stark,Female,40-49,3/28/2020,,1,0,0
Stark,Female,50-59,3/14/2020,,1,0,0
Stark,Female,50-59,3/18/2020,,1,0,0
Stark,Female,50-59,3/28/2020,,2,0,0
Stark,Female,60-69,3/16/2020,,1,0,0
Stark,Female,60-69,3/26/2020,,1,0,1
Stark,Female,60-69,3/27/2020,,1,0,0
Stark,Female,60-69,3/28/2020,,1,0,0
Stark,Female,70-79,3/26/2020,,1,0,0
Stark,Female,80+,3/20/2020,,1,0,1
Stark,Female,80+,3/20/2020,3/24/2020,1,1,1
Stark,Male,0-19,3/7/2020,,1,0,0
Stark,Male,20-29,3/16/2020,,1,0,0
Stark,Male,30-39,3/17/2020,,2,0,0
Stark,Male,30-39,3/22/2020,,1,0,0
Stark,Male,40-49,3/11/2020,,1,0,1
Stark,Male,40-49,3/12/2020,,1,0,0
Stark,Male,40-49,3/17/2020,,1,0,1
Stark,Male,40-49,3/28/2020,,1,0,0
Stark,Male,50-59,2/25/2020,,1,0,1
Stark,Male,50-59,3/3/2020,3/22/2020,1,1,1
Stark,Male,50-59,3/12/2020,,1,0,1
Stark,Male,50-59,3/15/2020,,1,0,0
Stark,Male,50-59,3/21/2020,,1,0,0
Stark,Male,50-59,3/23/2020,,1,0,0
Stark,Male,60-69,3/11/2020,,1,0,0
Stark,Male,60-69,3/13/2020,,1,0,1
Stark,Male,60-69,3/19/2020,,1,0,1
Stark,Male,60-69,3/25/2020,,1,0,0
Summit,Female,20-29,3/13/2020,,1,0,0
Summit,Female,20-29,3/14/2020,,1,0,0
Summit,Female,20-29,3/17/2020,,2,0,0
Summit,Female,20-29,3/18/2020,,1,0,0
Summit,Female,20-29,3/19/2020,,1,0,0
Summit,Female,20-29,3/21/2020,,1,0,0
Summit,Female,20-29,3/29/2020,,2,0,0
Summit,Female,30-39,3/20/2020,,2,0,1
Summit,Female,30-39,3/22/2020,,1,0,0
Summit,Female,30-39,3/28/2020,,1,0,0
Summit,Female,40-49,3/10/2020,,1,0,1
Summit,Female,40-49,3/11/2020,,1,0,0
Summit,Female,40-49,3/17/2020,,2,0,0
Summit,Female,40-49,3/20/2020,,1,0,0
Summit,Female,40-49,3/21/2020,,1,0,0
Summit,Female,40-49,3/24/2020,,1,0,1
Summit,Female,40-49,3/29/2020,,1,0,0
Summit,Female,50-59,2/7/2020,,1,0,1
Summit,Female,50-59,3/12/2020,,2,0,1
Summit,Female,50-59,3/16/2020,,3,0,1
Summit,Female,50-59,3/23/2020,,1,0,0
Summit,Female,50-59,3/24/2020,,1,0,0
Summit,Female,50-59,3/27/2020,,2,0,1
Summit,Female,60-69,3/10/2020,,1,0,0
Summit,Female,60-69,3/15/2020,,1,0,0
Summit,Female,60-69,3/16/2020,,2,0,2
Summit,Female,60-69,3/18/2020,,1,0,1
Summit,Female,60-69,3/20/2020,,1,0,1
Summit,Female,60-69,3/22/2020,,1,0,0
Summit,Female,60-69,3/25/2020,,1,0,0
Summit,Female,60-69,3/27/2020,,1,0,0
Summit,Female,60-69,3/28/2020,,1,0,1
Summit,Female,70-79,3/14/2020,,1,0,0
Summit,Female,70-79,3/15/2020,,1,0,0
Summit,Female,70-79,3/22/2020,,2,0,1
Summit,Female,70-79,3/23/2020,,1,0,1
Summit,Female,70-79,3/26/2020,,1,0,1
Summit,Female,70-79,3/28/2020,,1,0,0
Summit,Female,80+,3/18/2020,3/27/2020,1,1,1
Summit,Female,80+,3/20/2020,,2,0,2
Summit,Female,80+,3/22/2020,3/26/2020,1,1,1
Summit,Female,80+,3/24/2020,,1,0,1
Summit,Female,80+,3/25/2020,,1,0,1
Summit,Female,80+,3/26/2020,,1,0,0
Summit,Female,80+,3/27/2020,,1,0,1
Summit,Female,80+,3/28/2020,,3,0,0
Summit,Male,20-29,3/16/2020,,1,0,0
Summit,Male,20-29,3/26/2020,,1,0,1
Summit,Male,30-39,3/4/2020,,1,0,0
Summit,Male,30-39,3/14/2020,,1,0,0
Summit,Male,30-39,3/16/2020,,1,0,1
Summit,Male,30-39,3/17/2020,,1,0,0
Summit,Male,30-39,3/24/2020,,2,0,0
Summit,Male,40-49,3/8/2020,,1,0,0
Summit,Male,40-49,3/9/2020,,1,0,0
Summit,Male,40-49,3/10/2020,,1,0,0
Summit,Male,40-49,3/11/2020,,1,0,1
Summit,Male,40-49,3/13/2020,,2,0,1
Summit,Male,40-49,3/24/2020,,1,0,1
Summit,Male,40-49,3/27/2020,,1,0,0
Summit,Male,50-59,3/8/2020,,1,0,0
Summit,Male,50-59,3/11/2020,,1,0,0
Summit,Male,50-59,3/13/2020,,1,0,0
Summit,Male,50-59,3/14/2020,,2,0,0
Summit,Male,50-59,3/18/2020,,1,0,0
Summit,Male,50-59,3/21/2020,,2,0,1
Summit,Male,50-59,3/26/2020,,1,0,1
Summit,Male,50-59,3/27/2020,,1,0,0
Summit,Male,50-59,3/28/2020,,2,0,1
Summit,Male,60-69,3/10/2020,,2,0,1
Summit,Male,60-69,3/11/2020,,1,0,0
Summit,Male,60-69,3/12/2020,,1,0,1
Summit,Male,60-69,3/13/2020,,1,0,0
Summit,Male,60-69,3/15/2020,,1,0,1
Summit,Male,60-69,3/16/2020,,1,0,1
Summit,Male,60-69,3/18/2020,,2,0,1
Summit,Male,60-69,3/20/2020,,1,0,0
Summit,Male,60-69,3/23/2020,,2,0,2
Summit,Male,60-69,3/24/2020,,1,0,0
Summit,Male,60-69,3/26/2020,,1,0,1
Summit,Male,60-69,3/28/2020,,1,0,0
Summit,Male,60-69,3/29/2020,,1,0,0
Summit,Male,70-79,2/27/2020,,1,0,1
Summit,Male,70-79,3/9/2020,,2,0,0
Summit,Male,70-79,3/15/2020,,1,0,0
Summit,Male,70-79,3/20/2020,3/26/2020,1,1,1
Summit,Male,70-79,3/23/2020,3/25/2020,1,1,0
Summit,Male,70-79,3/25/2020,,1,0,0
Summit,Male,70-79,3/26/2020,,1,0,1
Summit,Male,70-79,3/27/2020,,1,0,0
Summit,Male,70-79,3/29/2020,,1,0,1
Summit,Male,80+,3/20/2020,3/27/2020,1,1,0
Summit,Male,80+,3/22/2020,,2,0,1
Summit,Male,80+,3/25/2020,,1,0,0
Summit,Male,80+,3/28/2020,,1,0,0
Trumbull,Female,20-29,3/18/2020,,1,0,0
Trumbull,Female,20-29,3/25/2020,,1,0,1
Trumbull,Female,30-39,3/8/2020,,1,0,1
Trumbull,Female,30-39,3/27/2020,,1,0,0
Trumbull,Female,40-49,3/24/2020,,1,0,1
Trumbull,Female,40-49,3/25/2020,,1,0,0
Trumbull,Female,50-59,3/9/2020,,1,0,1
Trumbull,Female,50-59,3/15/2020,,1,0,1
Trumbull,Female,50-59,3/16/2020,,1,0,0
Trumbull,Female,50-59,3/20/2020,,1,0,1
Trumbull,Female,50-59,3/26/2020,,1,0,0
Trumbull,Female,60-69,3/13/2020,,1,0,1
Trumbull,Female,60-69,3/15/2020,,1,0,0
Trumbull,Female,60-69,3/16/2020,3/27/2020,1,1,1
Trumbull,Female,60-69,3/25/2020,,1,0,1
Trumbull,Female,60-69,3/27/2020,,1,0,1
Trumbull,Female,70-79,3/11/2020,,1,0,1
Trumbull,Female,70-79,3/23/2020,,1,0,1
Trumbull,Female,70-79,3/25/2020,,1,0,0
Trumbull,Female,70-79,3/26/2020,,1,0,1
Trumbull,Female,70-79,3/27/2020,,1,0,0
Trumbull,Female,80+,3/23/2020,,1,0,1
Trumbull,Female,80+,3/28/2020,,1,0,0
Trumbull,Male,20-29,3/24/2020,,1,0,0
Trumbull,Male,20-29,3/27/2020,,1,0,0
Trumbull,Male,30-39,3/22/2020,,1,0,1
Trumbull,Male,40-49,3/18/2020,,1,0,0
Trumbull,Male,50-59,3/3/2020,,1,0,1
Trumbull,Male,50-59,3/14/2020,,1,0,1
Trumbull,Male,50-59,3/19/2020,,1,0,0
Trumbull,Male,50-59,3/22/2020,,1,0,0
Trumbull,Male,50-59,3/25/2020,,1,0,0
Trumbull,Male,60-69,3/20/2020,,1,0,1
Trumbull,Male,70-79,3/12/2020,,1,0,1
Trumbull,Male,70-79,3/24/2020,,2,0,1
Trumbull,Male,70-79,3/25/2020,,1,0,1
Trumbull,Male,80+,3/16/2020,3/25/2020,1,1,1
Trumbull,Male,80+,3/19/2020,,1,0,0
Trumbull,Male,80+,3/24/2020,,2,0,1
Trumbull,Male,80+,3/26/2020,,1,0,1
Tuscarawas,Female,40-49,3/20/2020,,1,0,0
Tuscarawas,Female,50-59,3/16/2020,,1,0,0
Tuscarawas,Female,60-69,3/20/2020,,1,0,0
Tuscarawas,Male,30-39,3/6/2020,,1,0,1
Tuscarawas,Male,30-39,3/22/2020,,1,0,1
Tuscarawas,Male,40-49,3/11/2020,,1,0,0
Tuscarawas,Male,50-59,3/27/2020,,1,0,0
Union,Female,30-39,3/16/2020,,1,0,0
Union,Female,40-49,3/8/2020,,1,0,0
Union,Female,80+,3/11/2020,,1,0,0
Union,Male,40-49,3/17/2020,,1,0,0
Van Wert,Male,60-69,3/26/2020,,1,0,1
Warren,Female,30-39,3/19/2020,,1,0,0
Warren,Female,40-49,3/8/2020,,1,0,0
Warren,Female,40-49,3/10/2020,,1,0,0
Warren,Female,40-49,3/14/2020,,1,0,0
Warren,Female,50-59,3/10/2020,,1,0,0
Warren,Female,60-69,3/12/2020,,1,0,1
Warren,Male,20-29,3/10/2020,,1,0,0
Warren,Male,20-29,3/15/2020,,1,0,0
Warren,Male,20-29,3/18/2020,,1,0,0
Warren,Male,30-39,3/17/2020,,1,0,0
Warren,Male,40-49,3/15/2020,,1,0,0
Warren,Male,40-49,3/20/2020,,1,0,0
Warren,Male,40-49,3/23/2020,,1,0,0
Warren,Male,50-59,3/7/2020,,1,0,0
Warren,Male,50-59,3/16/2020,,1,0,0
Warren,Male,50-59,3/17/2020,,1,0,0
Warren,Male,60-69,3/15/2020,,1,0,0
Warren,Male,60-69,3/18/2020,,1,0,0
Warren,Male,70-79,3/7/2020,,1,0,1
Warren,Male,70-79,3/17/2020,,1,0,1
Washington,Female,50-59,3/18/2020,,1,0,0
Washington,Male,50-59,3/21/2020,,1,0,0
Washington,Male,80+,3/18/2020,,1,0,1
Wayne,Female,20-29,3/15/2020,,1,0,1
Wayne,Female,40-49,3/20/2020,,1,0,0
Wayne,Female,50-59,3/24/2020,,1,0,0
Wayne,Male,40-49,3/13/2020,,1,0,0
Wayne,Male,40-49,3/27/2020,,1,0,0
Wayne,Male,40-49,3/28/2020,,1,0,0
Wayne,Male,60-69,3/23/2020,,1,0,0
Wood,Female,20-29,3/8/2020,,1,0,0
Wood,Female,20-29,3/20/2020,,1,0,1
Wood,Female,40-49,3/19/2020,,1,0,1
Wood,Female,40-49,3/20/2020,,1,0,0
Wood,Female,40-49,3/23/2020,,1,0,1
Wood,Female,50-59,3/20/2020,,2,0,0
Wood,Female,60-69,3/11/2020,,1,0,0
Wood,Female,70-79,3/15/2020,,1,0,1
Wood,Female,70-79,3/24/2020,,1,0,1
Wood,Male,30-39,3/16/2020,,1,0,0
Wood,Male,60-69,3/13/2020,,1,0,0
Wood,Male,70-79,3/19/2020,,1,0,1
Wyandot,Male,60-69,3/12/2020,,1,0,1
Grand Total,Total,Total,Total,Total,"1,933",39,475
